departamento,municipio,codigo_dane_municipio,latitud,longitud
ANTIOQUIA,MEDELLÍN,05001,6.246631,-75.581775
ANTIOQUIA,ABEJORRAL,05002,5.789315,-75.428739
ANTIOQUIA,ABRIAQUÍ,05004,6.632282,-76.064304
ANTIOQUIA,ALEJANDRÍA,05021,6.376061,-75.141346
ANTIOQUIA,AMAGÁ,05030,6.038708,-75.702188
ANTIOQUIA,AMALFI,05031,6.909655,-75.077501
ANTIOQUIA,ANDES,05034,5.657194,-75.878828
ANTIOQUIA,ANGELÓPOLIS,05036,6.109719,-75.711389
ANTIOQUIA,ANGOSTURA,05038,6.885175,-75.335116
ANTIOQUIA,ANORÍ,05040,7.074703,-75.148355
ANTIOQUIA,SANTA FÉ DE ANTIOQUIA,05042,6.556484,-75.826648
ANTIOQUIA,ANZÁ,05044,6.302641,-75.854442
ANTIOQUIA,APARTADÓ,05045,7.882968,-76.625279
ANTIOQUIA,ARBOLETES,05051,8.849317,-76.426708
ANTIOQUIA,ARGELIA,05055,5.731474,-75.14107
ANTIOQUIA,ARMENIA,05059,6.155667,-75.786647
ANTIOQUIA,BARBOSA,05079,6.439195,-75.331627
ANTIOQUIA,BELMIRA,05086,6.606319,-75.667779
ANTIOQUIA,BELLO,05088,6.333587,-75.555245
ANTIOQUIA,BETANIA,05091,5.74615,-75.97679
ANTIOQUIA,BETULIA,05093,6.115208,-75.984452
ANTIOQUIA,CIUDAD BOLÍVAR,05101,5.850273,-76.021509
ANTIOQUIA,BRICEÑO,05107,7.112803,-75.55036
ANTIOQUIA,BURITICÁ,05113,6.720759,-75.907
ANTIOQUIA,CÁCERES,05120,7.578366,-75.35205
ANTIOQUIA,CAICEDO,05125,6.405607,-75.98293
ANTIOQUIA,CALDAS,05129,6.091077,-75.633673
ANTIOQUIA,CAMPAMENTO,05134,6.979771,-75.298091
ANTIOQUIA,CAÑASGORDAS,05138,6.753859,-76.028228
ANTIOQUIA,CARACOLÍ,05142,6.409829,-74.757421
ANTIOQUIA,CARAMANTA,05145,5.54853,-75.643868
ANTIOQUIA,CAREPA,05147,7.755148,-76.652652
ANTIOQUIA,EL CARMEN DE VIBORAL,05148,6.082885,-75.333901
ANTIOQUIA,CAROLINA,05150,6.725995,-75.283192
ANTIOQUIA,CAUCASIA,05154,7.977278,-75.197996
ANTIOQUIA,CHIGORODÓ,05172,7.666147,-76.681531
ANTIOQUIA,CISNEROS,05190,6.537829,-75.087047
ANTIOQUIA,COCORNÁ,05197,6.058295,-75.185483
ANTIOQUIA,CONCEPCIÓN,05206,6.394348,-75.257587
ANTIOQUIA,CONCORDIA,05209,6.045738,-75.908448
ANTIOQUIA,COPACABANA,05212,6.348557,-75.509384
ANTIOQUIA,DABEIBA,05234,6.998112,-76.261614
ANTIOQUIA,DONMATÍAS,05237,6.485603,-75.39263
ANTIOQUIA,EBÉJICO,05240,6.325615,-75.766413
ANTIOQUIA,EL BAGRE,05250,7.5975,-74.799097
ANTIOQUIA,ENTRERRÍOS,05264,6.566273,-75.517685
ANTIOQUIA,ENVIGADO,05266,6.166695,-75.582192
ANTIOQUIA,FREDONIA,05282,5.928039,-75.675072
ANTIOQUIA,FRONTINO,05284,6.776066,-76.130765
ANTIOQUIA,GIRALDO,05306,6.680808,-75.952158
ANTIOQUIA,GIRARDOTA,05308,6.379472,-75.444238
ANTIOQUIA,GÓMEZ PLATA,05310,6.683269,-75.220018
ANTIOQUIA,GRANADA,05313,6.142892,-75.184446
ANTIOQUIA,GUADALUPE,05315,6.815069,-75.239862
ANTIOQUIA,GUARNE,05318,6.27787,-75.441612
ANTIOQUIA,GUATAPÉ,05321,6.232461,-75.160041
ANTIOQUIA,HELICONIA,05347,6.206757,-75.734322
ANTIOQUIA,HISPANIA,05353,5.799461,-75.906587
ANTIOQUIA,ITAGÜÍ,05360,6.175079,-75.612056
ANTIOQUIA,ITUANGO,05361,7.171629,-75.764673
ANTIOQUIA,JARDÍN,05364,5.597542,-75.818982
ANTIOQUIA,JERICÓ,05368,5.789748,-75.785499
ANTIOQUIA,LA CEJA,05376,6.028062,-75.429433
ANTIOQUIA,LA ESTRELLA,05380,6.145238,-75.637708
ANTIOQUIA,LA PINTADA,05390,5.743808,-75.60781
ANTIOQUIA,LA UNIÓN,05400,5.973845,-75.360874
ANTIOQUIA,LIBORINA,05411,6.677316,-75.812838
ANTIOQUIA,MACEO,05425,6.552116,-74.78716
ANTIOQUIA,MARINILLA,05440,6.173995,-75.339345
ANTIOQUIA,MONTEBELLO,05467,5.946313,-75.523455
ANTIOQUIA,MURINDÓ,05475,6.97771,-76.817485
ANTIOQUIA,MUTATÁ,05480,7.242875,-76.435875
ANTIOQUIA,NARIÑO,05483,5.610777,-75.176262
ANTIOQUIA,NECOCLÍ,05490,8.434526,-76.787271
ANTIOQUIA,NECHÍ,05495,8.094129,-74.77647
ANTIOQUIA,OLAYA,05501,6.626492,-75.811773
ANTIOQUIA,PEÑOL,05541,6.219349,-75.242693
ANTIOQUIA,PEQUE,05543,7.021029,-75.910357
ANTIOQUIA,PUEBLORRICO,05576,5.79158,-75.839903
ANTIOQUIA,PUERTO BERRÍO,05579,6.487028,-74.410016
ANTIOQUIA,PUERTO NARE,05585,6.186025,-74.583012
ANTIOQUIA,PUERTO TRIUNFO,05591,5.871318,-74.64119
ANTIOQUIA,REMEDIOS,05604,7.029424,-74.698135
ANTIOQUIA,RETIRO,05607,6.062454,-75.501301
ANTIOQUIA,RIONEGRO,05615,6.147148,-75.377316
ANTIOQUIA,SABANALARGA,05628,6.850028,-75.816645
ANTIOQUIA,SABANETA,05631,6.149903,-75.615479
ANTIOQUIA,SALGAR,05642,5.964198,-75.976807
ANTIOQUIA,SAN ANDRÉS DE CUERQUÍA,05647,6.916676,-75.674564
ANTIOQUIA,SAN CARLOS,05649,6.187746,-74.988097
ANTIOQUIA,SAN FRANCISCO,05652,5.963476,-75.101562
ANTIOQUIA,SAN JERÓNIMO,05656,6.44809,-75.726975
ANTIOQUIA,SAN JOSÉ DE LA MONTAÑA,05658,6.85009,-75.683352
ANTIOQUIA,SAN JUAN DE URABÁ,05659,8.758964,-76.52857
ANTIOQUIA,SAN LUIS,05660,6.043017,-74.993619
ANTIOQUIA,SAN PEDRO DE LOS MILAGROS,05664,6.46012,-75.556743
ANTIOQUIA,SAN PEDRO DE URABÁ,05665,8.276884,-76.380567
ANTIOQUIA,SAN RAFAEL,05667,6.293759,-75.02849
ANTIOQUIA,SAN ROQUE,05670,6.485939,-75.019109
ANTIOQUIA,SAN VICENTE FERRER,05674,6.282164,-75.332616
ANTIOQUIA,SANTA BÁRBARA,05679,5.875527,-75.567351
ANTIOQUIA,SANTA ROSA DE OSOS,05686,6.643366,-75.460723
ANTIOQUIA,SANTO DOMINGO,05690,6.473032,-75.164903
ANTIOQUIA,EL SANTUARIO,05697,6.136871,-75.265465
ANTIOQUIA,SEGOVIA,05736,7.079648,-74.701596
ANTIOQUIA,SONSÓN,05756,5.714851,-75.309596
ANTIOQUIA,SOPETRÁN,05761,6.500745,-75.747378
ANTIOQUIA,TÁMESIS,05789,5.664645,-75.714429
ANTIOQUIA,TARAZÁ,05790,7.580127,-75.401407
ANTIOQUIA,TARSO,05792,5.864542,-75.822956
ANTIOQUIA,TITIRIBÍ,05809,6.062391,-75.791887
ANTIOQUIA,TOLEDO,05819,7.010328,-75.692281
ANTIOQUIA,TURBO,05837,8.089929,-76.728858
ANTIOQUIA,URAMITA,05842,6.898393,-76.173284
ANTIOQUIA,URRAO,05847,6.317343,-76.133951
ANTIOQUIA,VALDIVIA,05854,7.1652,-75.439274
ANTIOQUIA,VALPARAÍSO,05856,5.614555,-75.624452
ANTIOQUIA,VEGACHÍ,05858,6.773525,-74.798714
ANTIOQUIA,VENECIA,05861,5.964693,-75.735544
ANTIOQUIA,VIGÍA DEL FUERTE,05873,6.588164,-76.896004
ANTIOQUIA,YALÍ,05885,6.676554,-74.840059
ANTIOQUIA,YARUMAL,05887,6.963832,-75.418828
ANTIOQUIA,YOLOMBÓ,05890,6.594511,-75.013385
ANTIOQUIA,YONDÓ,05893,7.00396,-73.912445
ANTIOQUIA,ZARAGOZA,05895,7.488583,-74.867075
ATLÁNTICO,BARRANQUILLA,08001,10.977961,-74.815546
ATLÁNTICO,BARANOA,08078,10.79445,-74.916077
ATLÁNTICO,CAMPO DE LA CRUZ,08137,10.378291,-74.880847
ATLÁNTICO,CANDELARIA,08141,10.461903,-74.879717
ATLÁNTICO,GALAPA,08296,10.919033,-74.870385
ATLÁNTICO,JUAN DE ACOSTA,08372,10.83254,-75.041032
ATLÁNTICO,LURUACO,08421,10.610491,-75.14199
ATLÁNTICO,MALAMBO,08433,10.857086,-74.776923
ATLÁNTICO,MANATÍ,08436,10.449089,-74.956867
ATLÁNTICO,PALMAR DE VARELA,08520,10.738591,-74.754765
ATLÁNTICO,PIOJÓ,08549,10.749216,-75.107592
ATLÁNTICO,POLONUEVO,08558,10.777363,-74.852981
ATLÁNTICO,PONEDERA,08560,10.641779,-74.753885
ATLÁNTICO,PUERTO COLOMBIA,08573,11.015322,-74.888627
ATLÁNTICO,REPELÓN,08606,10.493357,-75.125534
ATLÁNTICO,SABANAGRANDE,08634,10.792453,-74.759496
ATLÁNTICO,SABANALARGA,08638,10.632091,-74.921256
ATLÁNTICO,SANTA LUCÍA,08675,10.324303,-74.959204
ATLÁNTICO,SANTO TOMÁS,08685,10.758735,-74.757859
ATLÁNTICO,SOLEDAD,08758,10.909921,-74.786054
ATLÁNTICO,SUAN,08770,10.335432,-74.881687
ATLÁNTICO,TUBARÁ,08832,10.873586,-74.978704
ATLÁNTICO,USIACURÍ,08849,10.74298,-74.976985
"BOGOTÁ, D.C.","BOGOTÁ, D.C.",11001,4.649251,-74.106992
BOLÍVAR,CARTAGENA DE INDIAS,13001,10.385126,-75.496269
BOLÍVAR,ACHÍ,13006,8.570107,-74.557676
BOLÍVAR,ALTOS DEL ROSARIO,13030,8.791865,-74.164905
BOLÍVAR,ARENAL,13042,8.458865,-73.941099
BOLÍVAR,ARJONA,13052,10.25666,-75.344332
BOLÍVAR,ARROYOHONDO,13062,10.250075,-75.019215
BOLÍVAR,BARRANCO DE LOBA,13074,8.947787,-74.104391
BOLÍVAR,CALAMAR,13140,10.250431,-74.916144
BOLÍVAR,CANTAGALLO,13160,7.378678,-73.914605
BOLÍVAR,CICUCO,13188,9.274281,-74.645981
BOLÍVAR,CÓRDOBA,13212,9.586942,-74.827399
BOLÍVAR,CLEMENCIA,13222,10.567452,-75.328469
BOLÍVAR,EL CARMEN DE BOLÍVAR,13244,9.718653,-75.121178
BOLÍVAR,EL GUAMO,13248,10.030958,-74.976084
BOLÍVAR,EL PEÑÓN,13268,8.988271,-73.949274
BOLÍVAR,HATILLO DE LOBA,13300,8.956014,-74.077912
BOLÍVAR,MAGANGUÉ,13430,9.263799,-74.766742
BOLÍVAR,MAHATES,13433,10.233285,-75.191643
BOLÍVAR,MARGARITA,13440,9.15784,-74.285137
BOLÍVAR,MARÍA LA BAJA,13442,9.982402,-75.300516
BOLÍVAR,MONTECRISTO,13458,8.297234,-74.471176
BOLÍVAR,SANTA CRUZ DE MOMPOX,13468,9.244241,-74.42818
BOLÍVAR,MORALES,13473,8.276558,-73.868172
BOLÍVAR,NOROSÍ,13490,8.526259,-74.038003
BOLÍVAR,PINILLOS,13549,8.914947,-74.462279
BOLÍVAR,REGIDOR,13580,8.666258,-73.821638
BOLÍVAR,RÍO VIEJO,13600,8.58795,-73.840466
BOLÍVAR,SAN CRISTÓBAL,13620,10.392836,-75.065076
BOLÍVAR,SAN ESTANISLAO,13647,10.398602,-75.153101
BOLÍVAR,SAN FERNANDO,13650,9.214183,-74.323811
BOLÍVAR,SAN JACINTO,13654,9.830275,-75.12105
BOLÍVAR,SAN JACINTO DEL CAUCA,13655,8.25158,-74.721156
BOLÍVAR,SAN JUAN NEPOMUCENO,13657,9.953751,-75.081761
BOLÍVAR,SAN MARTÍN DE LOBA,13667,8.937485,-74.039134
BOLÍVAR,SAN PABLO,13670,7.476747,-73.924602
BOLÍVAR,SANTA CATALINA,13673,10.605294,-75.287855
BOLÍVAR,SANTA ROSA,13683,10.444396,-75.369824
BOLÍVAR,SANTA ROSA DEL SUR,13688,7.963938,-74.052243
BOLÍVAR,SIMITÍ,13744,7.953916,-73.947264
BOLÍVAR,SOPLAVIENTO,13760,10.38839,-75.136404
BOLÍVAR,TALAIGUA NUEVO,13780,9.30403,-74.567479
BOLÍVAR,TIQUISIO,13810,8.558666,-74.262922
BOLÍVAR,TURBACO,13836,10.348316,-75.427249
BOLÍVAR,TURBANÁ,13838,10.274585,-75.44265
BOLÍVAR,VILLANUEVA,13873,10.444089,-75.275613
BOLÍVAR,ZAMBRANO,13894,9.746306,-74.817879
BOYACÁ,TUNJA,15001,5.53988,-73.355539
BOYACÁ,ALMEIDA,15022,4.970857,-73.378933
BOYACÁ,AQUITANIA,15047,5.518602,-72.88399
BOYACÁ,ARCABUCO,15051,5.755673,-73.437503
BOYACÁ,BELÉN,15087,5.98923,-72.911641
BOYACÁ,BERBEO,15090,5.227451,-73.12721
BOYACÁ,BETÉITIVA,15092,5.909978,-72.809014
BOYACÁ,BOAVITA,15097,6.330703,-72.584905
BOYACÁ,BOYACÁ,15104,5.454578,-73.361945
BOYACÁ,BRICEÑO,15106,5.690879,-73.92326
BOYACÁ,BUENAVISTA,15109,5.512594,-73.94217
BOYACÁ,BUSBANZÁ,15114,5.831393,-72.884158
BOYACÁ,CALDAS,15131,5.55458,-73.865553
BOYACÁ,CAMPOHERMOSO,15135,5.031676,-73.104173
BOYACÁ,CERINZA,15162,5.955939,-72.947918
BOYACÁ,CHINAVITA,15172,5.167486,-73.368476
BOYACÁ,CHIQUINQUIRÁ,15176,5.61379,-73.818745
BOYACÁ,CHISCAS,15180,6.553136,-72.500957
BOYACÁ,CHITA,15183,6.187083,-72.471892
BOYACÁ,CHITARAQUE,15185,6.027425,-73.4471
BOYACÁ,CHIVATÁ,15187,5.558949,-73.282529
BOYACÁ,CIÉNEGA,15189,5.408694,-73.296049
BOYACÁ,CÓMBITA,15204,5.634545,-73.323957
BOYACÁ,COPER,15212,5.475074,-74.045636
BOYACÁ,CORRALES,15215,5.828064,-72.844795
BOYACÁ,COVARACHÍA,15218,6.500177,-72.738978
BOYACÁ,CUBARÁ,15223,6.997275,-72.107939
BOYACÁ,CUCAITA,15224,5.544452,-73.454338
BOYACÁ,CUÍTIVA,15226,5.580367,-72.965923
BOYACÁ,CHÍQUIZA,15232,5.639834,-73.449463
BOYACÁ,CHIVOR,15236,4.888173,-73.368398
BOYACÁ,DUITAMA,15238,5.822964,-73.03063
BOYACÁ,EL COCUY,15244,6.407738,-72.444537
BOYACÁ,EL ESPINO,15248,6.483027,-72.497007
BOYACÁ,FIRAVITOBA,15272,5.668885,-72.993392
BOYACÁ,FLORESTA,15276,5.859519,-72.918111
BOYACÁ,GACHANTIVÁ,15293,5.751891,-73.549092
BOYACÁ,GÁMEZA,15296,5.802333,-72.80553
BOYACÁ,GARAGOA,15299,5.083234,-73.364413
BOYACÁ,GUACAMAYAS,15317,6.459667,-72.500812
BOYACÁ,GUATEQUE,15322,5.007321,-73.471207
BOYACÁ,GUAYATÁ,15325,4.967122,-73.489698
BOYACÁ,GÜICÁN DE LA SIERRA,15332,6.462864,-72.411763
BOYACÁ,IZA,15362,5.611577,-72.979559
BOYACÁ,JENESANO,15367,5.385813,-73.363738
BOYACÁ,JERICÓ,15368,6.145735,-72.571122
BOYACÁ,LABRANZAGRANDE,15377,5.562687,-72.57777
BOYACÁ,LA CAPILLA,15380,5.095687,-73.444347
BOYACÁ,LA VICTORIA,15401,5.523792,-74.234393
BOYACÁ,LA UVITA,15403,6.31616,-72.559982
BOYACÁ,VILLA DE LEYVA,15407,5.632455,-73.524948
BOYACÁ,MACANAL,15425,4.972464,-73.319593
BOYACÁ,MARIPÍ,15442,5.550091,-74.00405
BOYACÁ,MIRAFLORES,15455,5.196515,-73.14563
BOYACÁ,MONGUA,15464,5.754242,-72.79809
BOYACÁ,MONGUÍ,15466,5.723486,-72.849292
BOYACÁ,MONIQUIRÁ,15469,5.876331,-73.573374
BOYACÁ,MOTAVITA,15476,5.5777,-73.367841
BOYACÁ,MUZO,15480,5.532758,-74.10269
BOYACÁ,NOBSA,15491,5.768046,-72.937042
BOYACÁ,NUEVO COLÓN,15494,5.355317,-73.456759
BOYACÁ,OICATÁ,15500,5.595235,-73.308399
BOYACÁ,OTANCHE,15507,5.657536,-74.180965
BOYACÁ,PACHAVITA,15511,5.140065,-73.396953
BOYACÁ,PÁEZ,15514,5.097319,-73.052737
BOYACÁ,PAIPA,15516,5.779894,-73.11782
BOYACÁ,PAJARITO,15518,5.293783,-72.703231
BOYACÁ,PANQUEBA,15522,6.443416,-72.459424
BOYACÁ,PAUNA,15531,5.656323,-73.978449
BOYACÁ,PAYA,15533,5.625699,-72.423775
BOYACÁ,PAZ DE RÍO,15537,5.987645,-72.749137
BOYACÁ,PESCA,15542,5.558808,-73.050872
BOYACÁ,PISBA,15550,5.72141,-72.486023
BOYACÁ,PUERTO BOYACÁ,15572,5.976646,-74.587782
BOYACÁ,QUÍPAMA,15580,5.52055,-74.180033
BOYACÁ,RAMIRIQUÍ,15599,5.400303,-73.334839
BOYACÁ,RÁQUIRA,15600,5.539136,-73.632543
BOYACÁ,RONDÓN,15621,5.357378,-73.208474
BOYACÁ,SABOYÁ,15632,5.697756,-73.764456
BOYACÁ,SÁCHICA,15638,5.584305,-73.542539
BOYACÁ,SAMACÁ,15646,5.492161,-73.485589
BOYACÁ,SAN EDUARDO,15660,5.22401,-73.077747
BOYACÁ,SAN JOSÉ DE PARE,15664,6.018924,-73.545397
BOYACÁ,SAN LUIS DE GACENO,15667,4.81976,-73.168076
BOYACÁ,SAN MATEO,15673,6.401683,-72.555264
BOYACÁ,SAN MIGUEL DE SEMA,15676,5.518083,-73.722009
BOYACÁ,SAN PABLO DE BORBUR,15681,5.650743,-74.069963
BOYACÁ,SANTANA,15686,6.056866,-73.481639
BOYACÁ,SANTA MARÍA,15690,4.857193,-73.263518
BOYACÁ,SANTA ROSA DE VITERBO,15693,5.874547,-72.982461
BOYACÁ,SANTA SOFÍA,15696,5.713269,-73.602707
BOYACÁ,SATIVANORTE,15720,6.131132,-72.708458
BOYACÁ,SATIVASUR,15723,6.093183,-72.712435
BOYACÁ,SIACHOQUE,15740,5.511811,-73.24466
BOYACÁ,SOATÁ,15753,6.331945,-72.684051
BOYACÁ,SOCOTÁ,15755,6.041162,-72.636653
BOYACÁ,SOCHA,15757,5.996717,-72.691963
BOYACÁ,SOGAMOSO,15759,5.723976,-72.924355
BOYACÁ,SOMONDOCO,15761,4.985726,-73.433393
BOYACÁ,SORA,15762,5.56684,-73.450153
BOYACÁ,SOTAQUIRÁ,15763,5.764986,-73.246585
BOYACÁ,SORACÁ,15764,5.500898,-73.332804
BOYACÁ,SUSACÓN,15774,6.230332,-72.690289
BOYACÁ,SUTAMARCHÁN,15776,5.619781,-73.620536
BOYACÁ,SUTATENZA,15778,5.022989,-73.452317
BOYACÁ,TASCO,15790,5.909821,-72.781011
BOYACÁ,TENZA,15798,5.076781,-73.421176
BOYACÁ,TIBANÁ,15804,5.317251,-73.396457
BOYACÁ,TIBASOSA,15806,5.74723,-72.999449
BOYACÁ,TINJACÁ,15808,5.579713,-73.646847
BOYACÁ,TIPACOQUE,15810,6.419203,-72.691729
BOYACÁ,TOCA,15814,5.566464,-73.184794
BOYACÁ,TOGÜÍ,15816,5.937438,-73.513655
BOYACÁ,TÓPAGA,15820,5.768201,-72.832245
BOYACÁ,TOTA,15822,5.560497,-72.985898
BOYACÁ,TUNUNGUÁ,15832,5.730582,-73.933155
BOYACÁ,TURMEQUÉ,15835,5.323261,-73.491825
BOYACÁ,TUTA,15837,5.689082,-73.230285
BOYACÁ,TUTAZÁ,15839,6.032608,-72.856035
BOYACÁ,ÚMBITA,15842,5.221176,-73.456917
BOYACÁ,VENTAQUEMADA,15861,5.368739,-73.522368
BOYACÁ,VIRACACHÁ,15879,5.436833,-73.296894
BOYACÁ,ZETAQUIRA,15897,5.283443,-73.17098
CALDAS,MANIZALES,17001,5.057657,-75.491025
CALDAS,AGUADAS,17013,5.610244,-75.45487
CALDAS,ANSERMA,17042,5.236471,-75.784343
CALDAS,ARANZAZU,17050,5.271195,-75.49129
CALDAS,BELALCÁZAR,17088,4.993785,-75.811918
CALDAS,CHINCHINÁ,17174,4.985227,-75.607529
CALDAS,FILADELFIA,17272,5.297091,-75.562474
CALDAS,LA DORADA,17380,5.460834,-74.668819
CALDAS,LA MERCED,17388,5.39647,-75.546486
CALDAS,MANZANARES,17433,5.255699,-75.152829
CALDAS,MARMATO,17442,5.47422,-75.600049
CALDAS,MARQUETALIA,17444,5.297525,-75.053097
CALDAS,MARULANDA,17446,5.284304,-75.259721
CALDAS,NEIRA,17486,5.166895,-75.520006
CALDAS,NORCASIA,17495,5.574796,-74.889543
CALDAS,PÁCORA,17513,5.527172,-75.459621
CALDAS,PALESTINA,17524,5.017879,-75.624577
CALDAS,PENSILVANIA,17541,5.383281,-75.160299
CALDAS,RIOSUCIO,17614,5.423673,-75.702104
CALDAS,RISARALDA,17616,5.164509,-75.76722
CALDAS,SALAMINA,17653,5.403025,-75.487223
CALDAS,SAMANÁ,17662,5.41308,-74.992263
CALDAS,SAN JOSÉ,17665,5.08231,-75.792063
CALDAS,SUPÍA,17777,5.446843,-75.64966
CALDAS,VICTORIA,17867,5.317437,-74.911239
CALDAS,VILLAMARÍA,17873,5.038925,-75.502487
CALDAS,VITERBO,17877,5.062664,-75.87061
CAQUETÁ,FLORENCIA,18001,1.618196,-75.609831
CAQUETÁ,ALBANIA,18029,1.328526,-75.878375
CAQUETÁ,BELÉN DE LOS ANDAQUÍES,18094,1.415812,-75.872405
CAQUETÁ,CARTAGENA DEL CHAIRÁ,18150,1.332371,-74.847867
CAQUETÁ,CURILLO,18205,1.033473,-75.919205
CAQUETÁ,EL DONCELLO,18247,1.679951,-75.283631
CAQUETÁ,EL PAUJÍL,18256,1.570226,-75.326093
CAQUETÁ,LA MONTAÑITA,18410,1.479173,-75.436408
CAQUETÁ,MILÁN,18460,1.29021,-75.506926
CAQUETÁ,MORELIA,18479,1.486611,-75.724146
CAQUETÁ,PUERTO RICO,18592,1.909063,-75.157604
CAQUETÁ,SAN JOSÉ DEL FRAGUA,18610,1.330266,-75.973796
CAQUETÁ,SAN VICENTE DEL CAGUÁN,18753,2.119413,-74.767894
CAQUETÁ,SOLANO,18756,0.699077,-75.253702
CAQUETÁ,SOLITA,18785,0.87654,-75.619902
CAQUETÁ,VALPARAÍSO,18860,1.194619,-75.70671
CAUCA,POPAYÁN,19001,2.459641,-76.599377
CAUCA,ALMAGUER,19022,1.913429,-76.85607
CAUCA,ARGELIA,19050,2.257427,-77.24905
CAUCA,BALBOA,19075,2.040998,-77.215773
CAUCA,BOLÍVAR,19100,1.837538,-76.966215
CAUCA,BUENOS AIRES,19110,3.015382,-76.642238
CAUCA,CAJIBÍO,19130,2.623371,-76.570682
CAUCA,CALDONO,19137,2.798059,-76.484319
CAUCA,CALOTO,19142,3.034531,-76.408941
CAUCA,CORINTO,19212,3.173854,-76.261866
CAUCA,EL TAMBO,19256,2.451409,-76.810911
CAUCA,FLORENCIA,19290,1.682535,-77.072547
CAUCA,GUACHENÉ,19300,3.134153,-76.392189
CAUCA,GUAPI,19318,2.571337,-77.88797
CAUCA,INZÁ,19355,2.549183,-76.063503
CAUCA,JAMBALÓ,19364,2.777834,-76.323877
CAUCA,LA SIERRA,19392,2.179383,-76.763278
CAUCA,LA VEGA,19397,2.001803,-76.778771
CAUCA,LÓPEZ DE MICAY,19418,2.846788,-77.247803
CAUCA,MERCADERES,19450,1.789193,-77.164319
CAUCA,MIRANDA,19455,3.254651,-76.228722
CAUCA,MORALES,19473,2.754684,-76.629106
CAUCA,PADILLA,19513,3.220984,-76.313265
CAUCA,PÁEZ,19517,2.645724,-75.970685
CAUCA,PATÍA,19532,2.115875,-76.981075
CAUCA,PIAMONTE,19533,1.11754,-76.327588
CAUCA,PIENDAMÓ - TUNÍA,19548,2.64228,-76.528615
CAUCA,PUERTO TEJADA,19573,3.233254,-76.417673
CAUCA,PURACÉ,19585,2.341507,-76.496698
CAUCA,ROSAS,19622,2.260941,-76.740336
CAUCA,SAN SEBASTIÁN,19693,1.838451,-76.769467
CAUCA,SANTANDER DE QUILICHAO,19698,3.015008,-76.485141
CAUCA,SANTA ROSA,19701,1.700916,-76.573252
CAUCA,SILVIA,19743,2.611927,-76.379753
CAUCA,SOTARÁ - PAISPAMBA,19760,2.253156,-76.613365
CAUCA,SUÁREZ,19780,2.959785,-76.69357
CAUCA,SUCRE,19785,2.038237,-76.926279
CAUCA,TIMBÍO,19807,2.349686,-76.684476
CAUCA,TIMBIQUÍ,19809,2.777312,-77.667541
CAUCA,TORIBÍO,19821,2.953017,-76.270284
CAUCA,TOTORÓ,19824,2.510252,-76.403628
CAUCA,VILLA RICA,19845,3.17762,-76.458025
CESAR,VALLEDUPAR,20001,10.460472,-73.259398
CESAR,AGUACHICA,20011,8.306811,-73.614027
CESAR,AGUSTÍN CODAZZI,20013,10.040454,-73.238389
CESAR,ASTREA,20032,9.498062,-73.975842
CESAR,BECERRIL,20045,9.704404,-73.278707
CESAR,BOSCONIA,20060,9.975098,-73.888761
CESAR,CHIMICHAGUA,20175,9.25875,-73.813278
CESAR,CHIRIGUANÁ,20178,9.361058,-73.599913
CESAR,CURUMANÍ,20228,9.201716,-73.540843
CESAR,EL COPEY,20238,10.149883,-73.962703
CESAR,EL PASO,20250,9.668461,-73.742012
CESAR,GAMARRA,20295,8.324793,-73.737558
CESAR,GONZÁLEZ,20310,8.389604,-73.38004
CESAR,LA GLORIA,20383,8.619298,-73.80321
CESAR,LA JAGUA DE IBIRICO,20400,9.563752,-73.334143
CESAR,MANAURE BALCÓN DEL CESAR,20443,10.390776,-73.029472
CESAR,PAILITAS,20517,8.959399,-73.625825
CESAR,PELAYA,20550,8.689451,-73.666735
CESAR,PUEBLO BELLO,20570,10.417321,-73.586211
CESAR,RÍO DE ORO,20614,8.292292,-73.386393
CESAR,LA PAZ,20621,10.387552,-73.171365
CESAR,SAN ALBERTO,20710,7.76111,-73.393889
CESAR,SAN DIEGO,20750,10.333039,-73.181208
CESAR,SAN MARTÍN,20770,7.999855,-73.510914
CESAR,TAMALAMEQUE,20787,8.861725,-73.812172
CÓRDOBA,MONTERÍA,23001,8.759789,-75.873096
CÓRDOBA,AYAPEL,23068,8.313838,-75.146048
CÓRDOBA,BUENAVISTA,23079,8.221187,-75.480897
CÓRDOBA,CANALETE,23090,8.786939,-76.241476
CÓRDOBA,CERETÉ,23162,8.888532,-75.796093
CÓRDOBA,CHIMÁ,23168,9.149698,-75.626886
CÓRDOBA,CHINÚ,23182,9.105473,-75.399633
CÓRDOBA,CIÉNAGA DE ORO,23189,8.875794,-75.620807
CÓRDOBA,COTORRA,23300,9.037163,-75.799216
CÓRDOBA,LA APARTADA,23350,8.050125,-75.336031
CÓRDOBA,LORICA,23417,9.240789,-75.816084
CÓRDOBA,LOS CÓRDOBAS,23419,8.892098,-76.35518
CÓRDOBA,MOMIL,23464,9.240707,-75.67796
CÓRDOBA,MONTELÍBANO,23466,7.973777,-75.416818
CÓRDOBA,MOÑITOS,23500,9.245223,-76.1291
CÓRDOBA,PLANETA RICA,23555,8.4082,-75.583241
CÓRDOBA,PUEBLO NUEVO,23570,8.504099,-75.508035
CÓRDOBA,PUERTO ESCONDIDO,23574,9.005372,-76.260411
CÓRDOBA,PUERTO LIBERTADOR,23580,7.888859,-75.671761
CÓRDOBA,PURÍSIMA DE LA CONCEPCIÓN,23586,9.239295,-75.724987
CÓRDOBA,SAHAGÚN,23660,8.943048,-75.445834
CÓRDOBA,SAN ANDRÉS DE SOTAVENTO,23670,9.145448,-75.50879
CÓRDOBA,SAN ANTERO,23672,9.376434,-75.76112
CÓRDOBA,SAN BERNARDO DEL VIENTO,23675,9.35247,-75.955107
CÓRDOBA,SAN CARLOS,23678,8.799282,-75.698799
CÓRDOBA,SAN JOSÉ DE URÉ,23682,7.787303,-75.533476
CÓRDOBA,SAN PELAYO,23686,8.958436,-75.835615
CÓRDOBA,TIERRALTA,23807,8.170612,-76.059797
CÓRDOBA,TUCHÍN,23815,9.186625,-75.553962
CÓRDOBA,VALENCIA,23855,8.255016,-76.150756
CUNDINAMARCA,AGUA DE DIOS,25001,4.375309,-74.669221
CUNDINAMARCA,ALBÁN,25019,4.878022,-74.438261
CUNDINAMARCA,ANAPOIMA,25035,4.562737,-74.528676
CUNDINAMARCA,ANOLAIMA,25040,4.7617,-74.46384
CUNDINAMARCA,ARBELÁEZ,25053,4.272534,-74.414901
CUNDINAMARCA,BELTRÁN,25086,4.802832,-74.741666
CUNDINAMARCA,BITUIMA,25095,4.872171,-74.539609
CUNDINAMARCA,BOJACÁ,25099,4.737205,-74.344594
CUNDINAMARCA,CABRERA,25120,3.985164,-74.484549
CUNDINAMARCA,CACHIPAY,25123,4.730957,-74.435711
CUNDINAMARCA,CAJICÁ,25126,4.920009,-74.02298
CUNDINAMARCA,CAPARRAPÍ,25148,5.34758,-74.491045
CUNDINAMARCA,CÁQUEZA,25151,4.404112,-73.946473
CUNDINAMARCA,CARMEN DE CARUPA,25154,5.349119,-73.901357
CUNDINAMARCA,CHAGUANÍ,25168,4.948916,-74.593455
CUNDINAMARCA,CHÍA,25175,4.866508,-74.05
CUNDINAMARCA,CHIPAQUE,25178,4.442671,-74.044876
CUNDINAMARCA,CHOACHÍ,25181,4.527048,-73.922894
CUNDINAMARCA,CHOCONTÁ,25183,5.145224,-73.683533
CUNDINAMARCA,COGUA,25200,5.061842,-73.978497
CUNDINAMARCA,COTA,25214,4.812564,-74.102569
CUNDINAMARCA,CUCUNUBÁ,25224,5.249795,-73.766113
CUNDINAMARCA,EL COLEGIO,25245,4.577951,-74.442261
CUNDINAMARCA,EL PEÑÓN,25258,5.248747,-74.290207
CUNDINAMARCA,EL ROSAL,25260,4.850589,-74.263103
CUNDINAMARCA,FACATATIVÁ,25269,4.813353,-74.350085
CUNDINAMARCA,FÓMEQUE,25279,4.485474,-73.892523
CUNDINAMARCA,FOSCA,25281,4.339093,-73.93902
CUNDINAMARCA,FUNZA,25286,4.710412,-74.201528
CUNDINAMARCA,FÚQUENE,25288,5.403997,-73.795855
CUNDINAMARCA,FUSAGASUGÁ,25290,4.336723,-74.37543
CUNDINAMARCA,GACHALÁ,25293,4.693579,-73.520161
CUNDINAMARCA,GACHANCIPÁ,25295,4.990947,-73.873464
CUNDINAMARCA,GACHETÁ,25297,4.816411,-73.636377
CUNDINAMARCA,GAMA,25299,4.763325,-73.611037
CUNDINAMARCA,GIRARDOT,25307,4.313069,-74.798201
CUNDINAMARCA,GRANADA,25312,4.519763,-74.350766
CUNDINAMARCA,GUACHETÁ,25317,5.383378,-73.686972
CUNDINAMARCA,GUADUAS,25320,5.072076,-74.603402
CUNDINAMARCA,GUASCA,25322,4.866719,-73.877143
CUNDINAMARCA,GUATAQUÍ,25324,4.517517,-74.790058
CUNDINAMARCA,GUATAVITA,25326,4.935211,-73.83293
CUNDINAMARCA,GUAYABAL DE SÍQUIMA,25328,4.877968,-74.467437
CUNDINAMARCA,GUAYABETAL,25335,4.215306,-73.815107
CUNDINAMARCA,GUTIÉRREZ,25339,4.254679,-74.003042
CUNDINAMARCA,JERUSALÉN,25368,4.562273,-74.695474
CUNDINAMARCA,JUNÍN,25372,4.79057,-73.662961
CUNDINAMARCA,LA CALERA,25377,4.721104,-73.968161
CUNDINAMARCA,LA MESA,25386,4.631028,-74.461588
CUNDINAMARCA,LA PALMA,25394,5.358816,-74.391022
CUNDINAMARCA,LA PEÑA,25398,5.198945,-74.394105
CUNDINAMARCA,LA VEGA,25402,4.997768,-74.336885
CUNDINAMARCA,LENGUAZAQUE,25407,5.306131,-73.711512
CUNDINAMARCA,MACHETÁ,25426,5.08007,-73.608226
CUNDINAMARCA,MADRID,25430,4.732791,-74.265854
CUNDINAMARCA,MANTA,25436,5.009008,-73.540444
CUNDINAMARCA,MEDINA,25438,4.506298,-73.348449
CUNDINAMARCA,MOSQUERA,25473,4.70653,-74.221154
CUNDINAMARCA,NARIÑO,25483,4.399837,-74.824732
CUNDINAMARCA,NEMOCÓN,25486,5.068705,-73.877888
CUNDINAMARCA,NILO,25488,4.305838,-74.620009
CUNDINAMARCA,NIMAIMA,25489,5.125992,-74.38604
CUNDINAMARCA,NOCAIMA,25491,5.069466,-74.379093
CUNDINAMARCA,VENECIA,25506,4.089056,-74.478301
CUNDINAMARCA,PACHO,25513,5.136907,-74.156132
CUNDINAMARCA,PAIME,25518,5.370487,-74.152213
CUNDINAMARCA,PANDI,25524,4.190393,-74.486641
CUNDINAMARCA,PARATEBUENO,25530,4.374832,-73.212825
CUNDINAMARCA,PASCA,25535,4.308979,-74.302276
CUNDINAMARCA,PUERTO SALGAR,25572,5.465413,-74.653695
CUNDINAMARCA,PULÍ,25580,4.682022,-74.71438
CUNDINAMARCA,QUEBRADANEGRA,25592,5.118076,-74.48014
CUNDINAMARCA,QUETAME,25594,4.329884,-73.863214
CUNDINAMARCA,QUIPILE,25596,4.74481,-74.533705
CUNDINAMARCA,APULO,25599,4.520304,-74.593926
CUNDINAMARCA,RICAURTE,25612,4.282113,-74.772861
CUNDINAMARCA,SAN ANTONIO DEL TEQUENDAMA,25645,4.616138,-74.351443
CUNDINAMARCA,SAN BERNARDO,25649,4.179433,-74.42296
CUNDINAMARCA,SAN CAYETANO,25653,5.332938,-74.024754
CUNDINAMARCA,SAN FRANCISCO,25658,4.972917,-74.289672
CUNDINAMARCA,SAN JUAN DE RIOSECO,25662,4.847575,-74.621919
CUNDINAMARCA,SASAIMA,25718,4.962167,-74.432628
CUNDINAMARCA,SESQUILÉ,25736,5.04476,-73.796099
CUNDINAMARCA,SIBATÉ,25740,4.492625,-74.257874
CUNDINAMARCA,SILVANIA,25743,4.381981,-74.405534
CUNDINAMARCA,SIMIJACA,25745,5.505231,-73.850703
CUNDINAMARCA,SOACHA,25754,4.579268,-74.215463
CUNDINAMARCA,SOPÓ,25758,4.915395,-73.943328
CUNDINAMARCA,SUBACHOQUE,25769,4.929118,-74.172773
CUNDINAMARCA,SUESCA,25772,5.103495,-73.798227
CUNDINAMARCA,SUPATÁ,25777,5.06162,-74.235403
CUNDINAMARCA,SUSA,25779,5.455291,-73.813938
CUNDINAMARCA,SUTATAUSA,25781,5.247482,-73.853159
CUNDINAMARCA,TABIO,25785,4.916832,-74.096461
CUNDINAMARCA,TAUSA,25793,5.196333,-73.887813
CUNDINAMARCA,TENA,25797,4.655286,-74.389193
CUNDINAMARCA,TENJO,25799,4.872014,-74.143724
CUNDINAMARCA,TIBACUY,25805,4.348605,-74.452662
CUNDINAMARCA,TIBIRITA,25807,5.052278,-73.504514
CUNDINAMARCA,TOCAIMA,25815,4.459279,-74.636296
CUNDINAMARCA,TOCANCIPÁ,25817,4.964641,-73.91207
CUNDINAMARCA,TOPAIPÍ,25823,5.336224,-74.300626
CUNDINAMARCA,UBALÁ,25839,4.74762,-73.531489
CUNDINAMARCA,UBAQUE,25841,4.483788,-73.933477
CUNDINAMARCA,VILLA DE SAN DIEGO DE UBATÉ,25843,5.307463,-73.814367
CUNDINAMARCA,UNE,25845,4.40245,-74.025183
CUNDINAMARCA,ÚTICA,25851,5.19055,-74.483154
CUNDINAMARCA,VERGARA,25862,5.117258,-74.346163
CUNDINAMARCA,VIANÍ,25867,4.875208,-74.56132
CUNDINAMARCA,VILLAGÓMEZ,25871,5.273024,-74.195145
CUNDINAMARCA,VILLAPINZÓN,25873,5.216393,-73.595704
CUNDINAMARCA,VILLETA,25875,5.012754,-74.469686
CUNDINAMARCA,VIOTÁ,25878,4.43935,-74.523131
CUNDINAMARCA,YACOPÍ,25885,5.459272,-74.33806
CUNDINAMARCA,ZIPACÓN,25898,4.759932,-74.379566
CUNDINAMARCA,ZIPAQUIRÁ,25899,5.025477,-73.994444
CHOCÓ,QUIBDÓ,27001,5.682166,-76.638144
CHOCÓ,ACANDÍ,27006,8.512178,-77.279951
CHOCÓ,ALTO BAUDÓ,27025,5.516221,-76.974373
CHOCÓ,ATRATO,27050,5.531419,-76.635674
CHOCÓ,BAGADÓ,27073,5.409681,-76.416063
CHOCÓ,BAHÍA SOLANO,27075,6.222807,-77.401359
CHOCÓ,BAJO BAUDÓ,27077,4.954576,-77.365717
CHOCÓ,BOJAYÁ,27099,6.559708,-76.886773
CHOCÓ,EL CANTÓN DEL SAN PABLO,27135,5.335321,-76.726844
CHOCÓ,CARMEN DEL DARIÉN,27150,7.158294,-76.970798
CHOCÓ,CÉRTEGUI,27160,5.371373,-76.607619
CHOCÓ,CONDOTO,27205,5.091003,-76.650683
CHOCÓ,EL CARMEN DE ATRATO,27245,5.899789,-76.142112
CHOCÓ,EL LITORAL DEL SAN JUAN,27250,4.259564,-77.363702
CHOCÓ,ISTMINA,27361,5.153946,-76.68518
CHOCÓ,JURADÓ,27372,7.103619,-77.762751
CHOCÓ,LLORÓ,27413,5.49789,-76.545147
CHOCÓ,MEDIO ATRATO,27425,5.994935,-76.783042
CHOCÓ,MEDIO BAUDÓ,27430,5.192471,-76.950891
CHOCÓ,MEDIO SAN JUAN,27450,5.098291,-76.694409
CHOCÓ,NÓVITA,27491,4.956063,-76.609467
CHOCÓ,NUEVO BELÉN DE BAJIRÁ,27493,7.3719,-76.71727
CHOCÓ,NUQUÍ,27495,5.709812,-77.265507
CHOCÓ,RÍO IRÓ,27580,5.1863,-76.472925
CHOCÓ,RÍO QUITO,27600,5.483667,-76.740684
CHOCÓ,RIOSUCIO,27615,7.436704,-77.113156
CHOCÓ,SAN JOSÉ DEL PALMAR,27660,4.896954,-76.234227
CHOCÓ,SIPÍ,27745,4.65262,-76.643453
CHOCÓ,TADÓ,27787,5.264873,-76.558571
CHOCÓ,UNGUÍA,27800,8.04406,-77.092538
CHOCÓ,UNIÓN PANAMERICANA,27810,5.281108,-76.630143
HUILA,NEIVA,41001,2.935432,-75.277327
HUILA,ACEVEDO,41006,1.805173,-75.888706
HUILA,AGRADO,41013,2.25987,-75.772022
HUILA,AIPE,41016,3.223996,-75.239017
HUILA,ALGECIRAS,41020,2.521674,-75.315389
HUILA,ALTAMIRA,41026,2.063841,-75.788471
HUILA,BARAYA,41078,3.152204,-75.054843
HUILA,CAMPOALEGRE,41132,2.686767,-75.325748
HUILA,COLOMBIA,41206,3.376745,-74.802815
HUILA,ELÍAS,41244,2.012854,-75.938301
HUILA,GARZÓN,41298,2.196493,-75.627057
HUILA,GIGANTE,41306,2.384031,-75.547681
HUILA,GUADALUPE,41319,2.02426,-75.757185
HUILA,HOBO,41349,2.580812,-75.447697
HUILA,ÍQUIRA,41357,2.649359,-75.634497
HUILA,ISNOS,41359,1.929467,-76.217637
HUILA,LA ARGENTINA,41378,2.198496,-75.979763
HUILA,LA PLATA,41396,2.389263,-75.891254
HUILA,NÁTAGA,41483,2.5451,-75.808756
HUILA,OPORAPA,41503,2.025088,-75.995165
HUILA,PAICOL,41518,2.449651,-75.773158
HUILA,PALERMO,41524,2.889649,-75.435296
HUILA,PALESTINA,41530,1.723725,-76.133251
HUILA,PITAL,41548,2.266618,-75.804544
HUILA,PITALITO,41551,1.852631,-76.049441
HUILA,RIVERA,41615,2.777586,-75.258753
HUILA,SALADOBLANCO,41660,1.9934,-76.044747
HUILA,SAN AGUSTÍN,41668,1.881081,-76.27036
HUILA,SANTA MARÍA,41676,2.939603,-75.586223
HUILA,SUAZA,41770,1.976051,-75.79525
HUILA,TARQUI,41791,2.111325,-75.823976
HUILA,TESALIA,41797,2.486364,-75.730271
HUILA,TELLO,41799,3.067538,-75.138773
HUILA,TERUEL,41801,2.740968,-75.567034
HUILA,TIMANÁ,41807,1.974539,-75.932167
HUILA,VILLAVIEJA,41872,3.218822,-75.217174
HUILA,YAGUARÁ,41885,2.664694,-75.518023
LA GUAJIRA,RIOHACHA,44001,11.528588,-72.911795
LA GUAJIRA,ALBANIA,44035,11.151628,-72.61232
LA GUAJIRA,BARRANCAS,44078,10.958669,-72.793639
LA GUAJIRA,DIBULLA,44090,11.27155,-73.307598
LA GUAJIRA,DISTRACCIÓN,44098,10.898414,-72.887405
LA GUAJIRA,EL MOLINO,44110,10.653505,-72.92673
LA GUAJIRA,FONSECA,44279,10.886734,-72.846319
LA GUAJIRA,HATONUEVO,44378,11.068864,-72.75904
LA GUAJIRA,LA JAGUA DEL PILAR,44420,10.511862,-73.072638
LA GUAJIRA,MAICAO,44430,11.378535,-72.242738
LA GUAJIRA,MANAURE,44560,11.773767,-72.438739
LA GUAJIRA,SAN JUAN DEL CESAR,44650,10.769546,-73.000629
LA GUAJIRA,URIBIA,44847,11.711904,-72.265906
LA GUAJIRA,URUMITA,44855,10.560169,-73.012507
LA GUAJIRA,VILLANUEVA,44874,10.608774,-72.977583
MAGDALENA,SANTA MARTA,47001,11.204679,-74.199829
MAGDALENA,ALGARROBO,47030,10.188059,-74.061132
MAGDALENA,ARACATACA,47053,10.589791,-74.186702
MAGDALENA,ARIGUANÍ,47058,9.847047,-74.236515
MAGDALENA,CERRO DE SAN ANTONIO,47161,10.325531,-74.868474
MAGDALENA,CHIVOLO,47170,10.026631,-74.622242
MAGDALENA,CIÉNAGA,47189,11.006654,-74.241286
MAGDALENA,CONCORDIA,47205,10.257314,-74.83303
MAGDALENA,EL BANCO,47245,9.008503,-73.97437
MAGDALENA,EL PIÑÓN,47258,10.402781,-74.823094
MAGDALENA,EL RETÉN,47268,10.610488,-74.268444
MAGDALENA,FUNDACIÓN,47288,10.514146,-74.191453
MAGDALENA,GUAMAL,47318,9.144354,-74.223689
MAGDALENA,NUEVA GRANADA,47460,9.80186,-74.391841
MAGDALENA,PEDRAZA,47541,10.18825,-74.9154
MAGDALENA,PIJIÑO DEL CARMEN,47545,9.331922,-74.459034
MAGDALENA,PIVIJAY,47551,10.460707,-74.613312
MAGDALENA,PLATO,47555,9.796713,-74.784549
MAGDALENA,PUEBLOVIEJO,47570,10.994766,-74.28253
MAGDALENA,REMOLINO,47605,10.701952,-74.716172
MAGDALENA,SABANAS DE SAN ÁNGEL,47660,10.032536,-74.213946
MAGDALENA,SALAMINA,47675,10.491229,-74.794189
MAGDALENA,SAN SEBASTIÁN DE BUENAVISTA,47692,9.241656,-74.351498
MAGDALENA,SAN ZENÓN,47703,9.245061,-74.498992
MAGDALENA,SANTA ANA,47707,9.324294,-74.566845
MAGDALENA,SANTA BÁRBARA DE PINTO,47720,9.432263,-74.704667
MAGDALENA,SITIONUEVO,47745,10.775285,-74.720021
MAGDALENA,TENERIFE,47798,9.898273,-74.859783
MAGDALENA,ZAPAYÁN,47960,10.168297,-74.716878
MAGDALENA,ZONA BANANERA,47980,10.763024,-74.140091
META,VILLAVICENCIO,50001,4.126369,-73.622601
META,ACACÍAS,50006,3.990413,-73.766034
META,BARRANCA DE UPÍA,50110,4.566225,-72.961083
META,CABUYARO,50124,4.286705,-72.791768
META,CASTILLA LA NUEVA,50150,3.830005,-73.687302
META,CUBARRAL,50223,3.793653,-73.837999
META,CUMARAL,50226,4.270042,-73.487052
META,EL CALVARIO,50245,4.352665,-73.713325
META,EL CASTILLO,50251,3.563907,-73.794225
META,EL DORADO,50270,3.739984,-73.835264
META,FUENTE DE ORO,50287,3.462875,-73.618121
META,GRANADA,50313,3.547147,-73.705815
META,GUAMAL,50318,3.879657,-73.768815
META,MAPIRIPÁN,50325,2.896617,-72.135509
META,MESETAS,50330,3.382732,-74.044328
META,LA MACARENA,50350,2.177143,-73.78661
META,URIBE,50370,3.239634,-74.351508
META,LEJANÍAS,50400,3.525115,-74.023514
META,PUERTO CONCORDIA,50450,2.624006,-72.760209
META,PUERTO GAITÁN,50568,4.314905,-72.087649
META,PUERTO LÓPEZ,50573,4.09349,-72.957324
META,PUERTO LLERAS,50577,3.272117,-73.37385
META,PUERTO RICO,50590,2.939621,-73.206314
META,RESTREPO,50606,4.259556,-73.565408
META,SAN CARLOS DE GUAROA,50680,3.71065,-73.242253
META,SAN JUAN DE ARAMA,50683,3.373728,-73.875832
META,SAN JUANITO,50686,4.458181,-73.676699
META,SAN MARTÍN,50689,3.701899,-73.695812
META,VISTAHERMOSA,50711,3.125579,-73.750966
NARIÑO,PASTO,52001,1.212352,-77.278795
NARIÑO,ALBÁN,52019,1.474978,-77.080712
NARIÑO,ALDANA,52022,0.882381,-77.700564
NARIÑO,ANCUYA,52036,1.263276,-77.514512
NARIÑO,ARBOLEDA,52051,1.503418,-77.135467
NARIÑO,BARBACOAS,52079,1.671733,-78.13765
NARIÑO,BELÉN,52083,1.595681,-77.015619
NARIÑO,BUESACO,52110,1.381453,-77.156463
NARIÑO,COLÓN,52203,1.643878,-77.019777
NARIÑO,CONSACÁ,52207,1.207854,-77.466136
NARIÑO,CONTADERO,52210,0.910458,-77.549409
NARIÑO,CÓRDOBA,52215,0.854564,-77.517897
NARIÑO,CUASPUD CARLOSAMA,52224,0.862978,-77.728947
NARIÑO,CUMBAL,52227,0.906367,-77.792505
NARIÑO,CUMBITARA,52233,1.647163,-77.578616
NARIÑO,CHACHAGÜÍ,52240,1.360545,-77.281869
NARIÑO,EL CHARCO,52250,2.479688,-78.110217
NARIÑO,EL PEÑOL,52254,1.453567,-77.438522
NARIÑO,EL ROSARIO,52256,1.745309,-77.33417
NARIÑO,EL TABLÓN DE GÓMEZ,52258,1.427277,-77.097101
NARIÑO,EL TAMBO,52260,1.407913,-77.390772
NARIÑO,FUNES,52287,1.001159,-77.448913
NARIÑO,GUACHUCAL,52317,0.959744,-77.731589
NARIÑO,GUAITARILLA,52320,1.129574,-77.549824
NARIÑO,GUALMATÁN,52323,0.919652,-77.568701
NARIÑO,ILES,52352,0.96952,-77.521227
NARIÑO,IMUÉS,52354,1.05506,-77.496339
NARIÑO,IPIALES,52356,0.827732,-77.646367
NARIÑO,LA CRUZ,52378,1.601318,-76.970504
NARIÑO,LA FLORIDA,52381,1.29753,-77.402882
NARIÑO,LA LLANADA,52385,1.472892,-77.58091
NARIÑO,LA TOLA,52390,2.398999,-78.189725
NARIÑO,LA UNIÓN,52399,1.600219,-77.131316
NARIÑO,LEIVA,52405,1.934453,-77.306135
NARIÑO,LINARES,52411,1.350814,-77.523953
NARIÑO,LOS ANDES,52418,1.494587,-77.521303
NARIÑO,MAGÜÍ,52427,1.765633,-78.182924
NARIÑO,MALLAMA,52435,1.141037,-77.864549
NARIÑO,MOSQUERA,52473,2.507139,-78.452992
NARIÑO,NARIÑO,52480,1.288979,-77.357972
NARIÑO,OLAYA HERRERA,52490,2.347457,-78.325814
NARIÑO,OSPINA,52506,1.058433,-77.566082
NARIÑO,FRANCISCO PIZARRO,52520,2.040629,-78.658361
NARIÑO,POLICARPA,52540,1.627196,-77.458686
NARIÑO,POTOSÍ,52560,0.806639,-77.573003
NARIÑO,PROVIDENCIA,52565,1.237814,-77.596794
NARIÑO,PUERRES,52573,0.885125,-77.504211
NARIÑO,PUPIALES,52585,0.870442,-77.636042
NARIÑO,RICAURTE,52612,1.212492,-77.995153
NARIÑO,ROBERTO PAYÁN,52621,1.697492,-78.245716
NARIÑO,SAMANIEGO,52678,1.335438,-77.594341
NARIÑO,SANDONÁ,52683,1.283438,-77.47313
NARIÑO,SAN BERNARDO,52685,1.513762,-77.0475
NARIÑO,SAN LORENZO,52687,1.503362,-77.21542
NARIÑO,SAN PABLO,52693,1.669429,-77.013984
NARIÑO,SAN PEDRO DE CARTAGO,52694,1.551572,-77.11941
NARIÑO,SANTA BÁRBARA,52696,2.449653,-77.979916
NARIÑO,SANTACRUZ,52699,1.222589,-77.677035
NARIÑO,SAPUYES,52720,1.037536,-77.62028
NARIÑO,TAMINANGO,52786,1.570358,-77.2808
NARIÑO,TANGUA,52788,1.09482,-77.393735
NARIÑO,SAN ANDRÉS DE TUMACO,52835,1.807399,-78.764073
NARIÑO,TÚQUERRES,52838,1.085044,-77.61672
NARIÑO,YACUANQUER,52885,1.115937,-77.400169
NORTE DE SANTANDER,SAN JOSÉ DE CÚCUTA,54001,7.905725,-72.508178
NORTE DE SANTANDER,ÁBREGO,54003,8.081616,-73.221722
NORTE DE SANTANDER,ARBOLEDAS,54051,7.642985,-72.798952
NORTE DE SANTANDER,BOCHALEMA,54099,7.612192,-72.64701
NORTE DE SANTANDER,BUCARASICA,54109,8.041299,-72.868231
NORTE DE SANTANDER,CÁCOTA,54125,7.268705,-72.642059
NORTE DE SANTANDER,CÁCHIRA,54128,7.741248,-73.048983
NORTE DE SANTANDER,CHINÁCOTA,54172,7.603112,-72.601162
NORTE DE SANTANDER,CHITAGÁ,54174,7.138187,-72.665468
NORTE DE SANTANDER,CONVENCIÓN,54206,8.470374,-73.3372
NORTE DE SANTANDER,CUCUTILLA,54223,7.539633,-72.772816
NORTE DE SANTANDER,DURANIA,54239,7.714804,-72.658491
NORTE DE SANTANDER,EL CARMEN,54245,8.510579,-73.446687
NORTE DE SANTANDER,EL TARRA,54250,8.574281,-73.09614
NORTE DE SANTANDER,EL ZULIA,54261,7.938572,-72.604717
NORTE DE SANTANDER,GRAMALOTE,54313,7.916946,-72.787233
NORTE DE SANTANDER,HACARÍ,54344,8.321506,-73.145997
NORTE DE SANTANDER,HERRÁN,54347,7.506541,-72.483519
NORTE DE SANTANDER,LABATECA,54377,7.298414,-72.495983
NORTE DE SANTANDER,LA ESPERANZA,54385,7.639839,-73.328126
NORTE DE SANTANDER,LA PLAYA,54398,8.21124,-73.239986
NORTE DE SANTANDER,LOS PATIOS,54405,7.833186,-72.505612
NORTE DE SANTANDER,LOURDES,54418,7.945631,-72.832376
NORTE DE SANTANDER,MUTISCUA,54480,7.300469,-72.747169
NORTE DE SANTANDER,OCAÑA,54498,8.248574,-73.35607
NORTE DE SANTANDER,PAMPLONA,54518,7.372802,-72.647714
NORTE DE SANTANDER,PAMPLONITA,54520,7.436745,-72.639111
NORTE DE SANTANDER,PUERTO SANTANDER,54553,8.359993,-72.411363
NORTE DE SANTANDER,RAGONVALIA,54599,7.577861,-72.476708
NORTE DE SANTANDER,SALAZAR,54660,7.773683,-72.813064
NORTE DE SANTANDER,SAN CALIXTO,54670,8.40214,-73.208622
NORTE DE SANTANDER,SAN CAYETANO,54673,7.875695,-72.625459
NORTE DE SANTANDER,SANTIAGO,54680,7.865856,-72.716203
NORTE DE SANTANDER,SARDINATA,54720,8.082105,-72.800577
NORTE DE SANTANDER,SILOS,54743,7.204736,-72.757128
NORTE DE SANTANDER,TEORAMA,54800,8.438134,-73.28707
NORTE DE SANTANDER,TIBÚ,54810,8.639891,-72.734496
NORTE DE SANTANDER,TOLEDO,54820,7.307692,-72.481915
NORTE DE SANTANDER,VILLA CARO,54871,7.914244,-72.973601
NORTE DE SANTANDER,VILLA DEL ROSARIO,54874,7.847672,-72.469758
QUINDÍO,ARMENIA,63001,4.53598,-75.680786
QUINDÍO,BUENAVISTA,63111,4.360029,-75.739572
QUINDÍO,CALARCÁ,63130,4.520982,-75.646085
QUINDÍO,CIRCASIA,63190,4.617759,-75.636533
QUINDÍO,CÓRDOBA,63212,4.392485,-75.687866
QUINDÍO,FILANDIA,63272,4.674338,-75.658387
QUINDÍO,GÉNOVA,63302,4.206641,-75.790402
QUINDÍO,LA TEBAIDA,63401,4.453755,-75.786887
QUINDÍO,MONTENEGRO,63470,4.565057,-75.749827
QUINDÍO,PIJAO,63548,4.335036,-75.703329
QUINDÍO,QUIMBAYA,63594,4.624387,-75.765074
QUINDÍO,SALENTO,63690,4.637157,-75.570844
RISARALDA,PEREIRA,66001,4.804985,-75.719711
RISARALDA,APÍA,66045,5.106526,-75.942356
RISARALDA,BALBOA,66075,4.949096,-75.958663
RISARALDA,BELÉN DE UMBRÍA,66088,5.200793,-75.868334
RISARALDA,DOSQUEBRADAS,66170,4.833131,-75.675371
RISARALDA,GUÁTICA,66318,5.315367,-75.799005
RISARALDA,LA CELIA,66383,5.002787,-76.0032
RISARALDA,LA VIRGINIA,66400,4.896624,-75.880394
RISARALDA,MARSELLA,66440,4.935771,-75.73879
RISARALDA,MISTRATÓ,66456,5.297039,-75.882886
RISARALDA,PUEBLO RICO,66572,5.222043,-76.030801
RISARALDA,QUINCHÍA,66594,5.340456,-75.730431
RISARALDA,SANTA ROSA DE CABAL,66682,4.876271,-75.623268
RISARALDA,SANTUARIO,66687,5.074911,-75.964628
SANTANDER,BUCARAMANGA,68001,7.11647,-73.132562
SANTANDER,AGUADA,68013,6.162355,-73.523132
SANTANDER,ALBANIA,68020,5.759166,-73.91336
SANTANDER,ARATOCA,68051,6.694418,-73.01786
SANTANDER,BARBOSA,68077,5.932531,-73.615965
SANTANDER,BARICHARA,68079,6.634111,-73.223047
SANTANDER,BARRANCABERMEJA,68081,7.064857,-73.849243
SANTANDER,BETULIA,68092,6.899525,-73.283669
SANTANDER,BOLÍVAR,68101,5.988953,-73.771346
SANTANDER,CABRERA,68121,6.592118,-73.246475
SANTANDER,CALIFORNIA,68132,7.347989,-72.946491
SANTANDER,CAPITANEJO,68147,6.527394,-72.695427
SANTANDER,CARCASÍ,68152,6.629016,-72.627099
SANTANDER,CEPITÁ,68160,6.753518,-72.973536
SANTANDER,CERRITO,68162,6.840405,-72.694851
SANTANDER,CHARALÁ,68167,6.284339,-73.146873
SANTANDER,CHARTA,68169,7.28082,-72.968798
SANTANDER,CHIMA,68176,6.344348,-73.373656
SANTANDER,CHIPATÁ,68179,6.062521,-73.637111
SANTANDER,CIMITARRA,68190,6.320886,-73.953011
SANTANDER,CONCEPCIÓN,68207,6.768908,-72.694567
SANTANDER,CONFINES,68209,6.357327,-73.240554
SANTANDER,CONTRATACIÓN,68211,6.290561,-73.474426
SANTANDER,COROMORO,68217,6.294999,-73.040816
SANTANDER,CURITÍ,68229,6.605099,-73.069383
SANTANDER,EL CARMEN DE CHUCURÍ,68235,6.700038,-73.51066
SANTANDER,EL GUACAMAYO,68245,6.245111,-73.496908
SANTANDER,EL PEÑÓN,68250,6.05537,-73.815532
SANTANDER,EL PLAYÓN,68255,7.470715,-73.20287
SANTANDER,ENCINO,68264,6.137429,-73.098749
SANTANDER,ENCISO,68266,6.668034,-72.699647
SANTANDER,FLORIÁN,68271,5.804659,-73.97143
SANTANDER,FLORIDABLANCA,68276,7.072329,-73.099104
SANTANDER,GALÁN,68296,6.638423,-73.287769
SANTANDER,GÁMBITA,68298,5.945998,-73.344185
SANTANDER,GIRÓN,68307,7.070432,-73.166832
SANTANDER,GUACA,68318,6.876563,-72.856322
SANTANDER,GUADALUPE,68320,6.245847,-73.419292
SANTANDER,GUAPOTÁ,68322,6.308635,-73.320732
SANTANDER,GUAVATÁ,68324,5.954348,-73.700906
SANTANDER,GÜEPSA,68327,6.025013,-73.575146
SANTANDER,HATO,68344,6.543957,-73.308399
SANTANDER,JESÚS MARÍA,68368,5.876497,-73.783396
SANTANDER,JORDÁN,68370,6.732727,-73.096053
SANTANDER,LA BELLEZA,68377,5.85925,-73.965494
SANTANDER,LANDÁZURI,68385,6.218812,-73.811359
SANTANDER,LA PAZ,68397,6.178509,-73.58959
SANTANDER,LEBRIJA,68406,7.113351,-73.219524
SANTANDER,LOS SANTOS,68418,6.755203,-73.102739
SANTANDER,MACARAVITA,68425,6.50658,-72.593105
SANTANDER,MÁLAGA,68432,6.703081,-72.732089
SANTANDER,MATANZA,68444,7.323175,-73.015566
SANTANDER,MOGOTES,68464,6.475246,-72.969807
SANTANDER,MOLAGAVITA,68468,6.67432,-72.809175
SANTANDER,OCAMONTE,68498,6.339988,-73.122563
SANTANDER,OIBA,68500,6.26521,-73.299791
SANTANDER,ONZAGA,68502,6.344104,-72.816766
SANTANDER,PALMAR,68522,6.537789,-73.29109
SANTANDER,PALMAS DEL SOCORRO,68524,6.406139,-73.287764
SANTANDER,PÁRAMO,68533,6.416811,-73.17022
SANTANDER,PIEDECUESTA,68547,6.997245,-73.054795
SANTANDER,PINCHOTE,68549,6.531552,-73.174209
SANTANDER,PUENTE NACIONAL,68572,5.878381,-73.677567
SANTANDER,PUERTO PARRA,68573,6.650785,-74.056129
SANTANDER,PUERTO WILCHES,68575,7.344057,-73.899909
SANTANDER,RIONEGRO,68615,7.265014,-73.150177
SANTANDER,SABANA DE TORRES,68655,7.391919,-73.49906
SANTANDER,SAN ANDRÉS,68669,6.811511,-72.848864
SANTANDER,SAN BENITO,68673,6.126656,-73.50907
SANTANDER,SAN GIL,68679,6.551952,-73.134776
SANTANDER,SAN JOAQUÍN,68682,6.427548,-72.867638
SANTANDER,SAN JOSÉ DE MIRANDA,68684,6.658995,-72.733616
SANTANDER,SAN MIGUEL,68686,6.575315,-72.644123
SANTANDER,SAN VICENTE DE CHUCURÍ,68689,6.880383,-73.411024
SANTANDER,SANTA BÁRBARA,68705,6.990996,-72.907445
SANTANDER,SANTA HELENA DEL OPÓN,68720,6.339565,-73.616716
SANTANDER,SIMACOTA,68745,6.443469,-73.337368
SANTANDER,SOCORRO,68755,6.46387,-73.261198
SANTANDER,SUAITA,68770,6.101329,-73.44165
SANTANDER,SUCRE,68773,5.918743,-73.790975
SANTANDER,SURATÁ,68780,7.36658,-72.984232
SANTANDER,TONA,68820,7.201417,-72.967023
SANTANDER,VALLE DE SAN JOSÉ,68855,6.448028,-73.143507
SANTANDER,VÉLEZ,68861,6.009275,-73.672447
SANTANDER,VETAS,68867,7.30981,-72.871041
SANTANDER,VILLANUEVA,68872,6.670078,-73.174307
SANTANDER,ZAPATOCA,68895,6.814387,-73.268034
SUCRE,SINCELEJO,70001,9.302322,-75.395445
SUCRE,BUENAVISTA,70110,9.319794,-74.972827
SUCRE,CAIMITO,70124,8.789324,-75.117141
SUCRE,COLOSÓ,70204,9.494192,-75.353256
SUCRE,COROZAL,70215,9.318749,-75.293048
SUCRE,COVEÑAS,70221,9.402779,-75.680158
SUCRE,CHALÁN,70230,9.545352,-75.312697
SUCRE,EL ROBLE,70233,9.100647,-75.198378
SUCRE,GALERAS,70235,9.160379,-75.04959
SUCRE,GUARANDA,70265,8.468556,-74.537749
SUCRE,LA UNIÓN,70400,8.853975,-75.276056
SUCRE,LOS PALMITOS,70418,9.380269,-75.268716
SUCRE,MAJAGUAL,70429,8.541163,-74.628077
SUCRE,MORROA,70473,9.331395,-75.305949
SUCRE,OVEJAS,70508,9.527176,-75.229037
SUCRE,PALMITO,70523,9.333157,-75.541264
SUCRE,SAMPUÉS,70670,9.183193,-75.380222
SUCRE,SAN BENITO ABAD,70678,8.930108,-75.031089
SUCRE,SAN JUAN DE BETULIA,70702,9.273066,-75.243565
SUCRE,SAN MARCOS,70708,8.661774,-75.133831
SUCRE,SAN ONOFRE,70713,9.736955,-75.522398
SUCRE,SAN PEDRO,70717,9.39625,-75.063647
SUCRE,SAN LUIS DE SINCÉ,70742,9.244308,-75.145999
SUCRE,SUCRE,70771,8.811737,-74.723175
SUCRE,SANTIAGO DE TOLÚ,70820,9.525387,-75.581112
SUCRE,SAN JOSÉ DE TOLUVIEJO,70823,9.451819,-75.44085
TOLIMA,IBAGUÉ,73001,4.432248,-75.19425
TOLIMA,ALPUJARRA,73024,3.391548,-74.9329
TOLIMA,ALVARADO,73026,4.567356,-74.953418
TOLIMA,AMBALEMA,73030,4.782682,-74.764429
TOLIMA,ANZOÁTEGUI,73043,4.631756,-75.093772
TOLIMA,ARMERO,73055,5.030744,-74.884438
TOLIMA,ATACO,73067,3.590591,-75.382545
TOLIMA,CAJAMARCA,73124,4.438812,-75.431971
TOLIMA,CARMEN DE APICALÁ,73148,4.152334,-74.717633
TOLIMA,CASABIANCA,73152,5.078465,-75.120966
TOLIMA,CHAPARRAL,73168,3.722918,-75.480765
TOLIMA,COELLO,73200,4.287276,-74.898464
TOLIMA,COYAIMA,73217,3.798036,-75.193862
TOLIMA,CUNDAY,73226,4.059259,-74.692227
TOLIMA,DOLORES,73236,3.539072,-74.896761
TOLIMA,ESPINAL,73268,4.151314,-74.885446
TOLIMA,FALAN,73270,5.123104,-74.953007
TOLIMA,FLANDES,73275,4.276373,-74.818763
TOLIMA,FRESNO,73283,5.153576,-75.035722
TOLIMA,GUAMO,73319,4.030992,-74.968135
TOLIMA,HERVEO,73347,5.080228,-75.177151
TOLIMA,HONDA,73349,5.211816,-74.75699
TOLIMA,ICONONZO,73352,4.176487,-74.531969
TOLIMA,LÉRIDA,73408,4.862046,-74.910716
TOLIMA,LÍBANO,73411,4.92042,-75.061959
TOLIMA,SAN SEBASTIÁN DE MARIQUITA,73443,5.199708,-74.889276
TOLIMA,MELGAR,73449,4.203655,-74.641317
TOLIMA,MURILLO,73461,4.874341,-75.171022
TOLIMA,NATAGAIMA,73483,3.624324,-75.093182
TOLIMA,ORTEGA,73504,3.934916,-75.222601
TOLIMA,PALOCABILDO,73520,5.120918,-75.022167
TOLIMA,PIEDRAS,73547,4.543951,-74.878106
TOLIMA,PLANADAS,73555,3.197911,-75.644163
TOLIMA,PRADO,73563,3.750939,-74.927447
TOLIMA,PURIFICACIÓN,73585,3.857246,-74.935555
TOLIMA,RIOBLANCO,73616,3.529932,-75.644069
TOLIMA,RONCESVALLES,73622,4.011567,-75.605959
TOLIMA,ROVIRA,73624,4.239019,-75.240648
TOLIMA,SALDAÑA,73671,3.929815,-75.016852
TOLIMA,SAN ANTONIO,73675,3.914146,-75.480074
TOLIMA,SAN LUIS,73678,4.133721,-75.095804
TOLIMA,SANTA ISABEL,73686,4.713606,-75.097934
TOLIMA,SUÁREZ,73770,4.048891,-74.831885
TOLIMA,VALLE DE SAN JUAN,73854,4.197494,-75.115669
TOLIMA,VENADILLO,73861,4.717878,-74.929333
TOLIMA,VILLAHERMOSA,73870,5.030452,-75.117729
TOLIMA,VILLARRICA,73873,3.936902,-74.600285
VALLE DEL CAUCA,SANTIAGO DE CALI,76001,3.413686,-76.52133
VALLE DEL CAUCA,ALCALÁ,76020,4.674994,-75.779792
VALLE DEL CAUCA,ANDALUCÍA,76036,4.171713,-76.167925
VALLE DEL CAUCA,ANSERMANUEVO,76041,4.794984,-75.992003
VALLE DEL CAUCA,ARGELIA,76054,4.726945,-76.119905
VALLE DEL CAUCA,BOLÍVAR,76100,4.337846,-76.183583
VALLE DEL CAUCA,BUENAVENTURA,76109,3.875708,-77.01074
VALLE DEL CAUCA,GUADALAJARA DE BUGA,76111,3.900736,-76.298979
VALLE DEL CAUCA,BUGALAGRANDE,76113,4.208358,-76.15682
VALLE DEL CAUCA,CAICEDONIA,76122,4.334808,-75.830594
VALLE DEL CAUCA,CALIMA,76126,3.933664,-76.484132
VALLE DEL CAUCA,CANDELARIA,76130,3.408354,-76.346519
VALLE DEL CAUCA,CARTAGO,76147,4.742192,-75.924374
VALLE DEL CAUCA,DAGUA,76233,3.657318,-76.68886
VALLE DEL CAUCA,EL ÁGUILA,76243,4.906062,-76.042779
VALLE DEL CAUCA,EL CAIRO,76246,4.760874,-76.221611
VALLE DEL CAUCA,EL CERRITO,76248,3.684229,-76.311972
VALLE DEL CAUCA,EL DOVIO,76250,4.510452,-76.237084
VALLE DEL CAUCA,FLORIDA,76275,3.324118,-76.234199
VALLE DEL CAUCA,GINEBRA,76306,3.724181,-76.268068
VALLE DEL CAUCA,GUACARÍ,76318,3.761815,-76.330911
VALLE DEL CAUCA,JAMUNDÍ,76364,3.258751,-76.538472
VALLE DEL CAUCA,LA CUMBRE,76377,3.649268,-76.56805
VALLE DEL CAUCA,LA UNIÓN,76400,4.533869,-76.099661
VALLE DEL CAUCA,LA VICTORIA,76403,4.523603,-76.036529
VALLE DEL CAUCA,OBANDO,76497,4.575712,-75.974709
VALLE DEL CAUCA,PALMIRA,76520,3.531544,-76.298846
VALLE DEL CAUCA,PRADERA,76563,3.419793,-76.241799
VALLE DEL CAUCA,RESTREPO,76606,3.821351,-76.523329
VALLE DEL CAUCA,RIOFRÍO,76616,4.156908,-76.288313
VALLE DEL CAUCA,ROLDANILLO,76622,4.413601,-76.152277
VALLE DEL CAUCA,SAN PEDRO,76670,3.995073,-76.228692
VALLE DEL CAUCA,SEVILLA,76736,4.270714,-75.931629
VALLE DEL CAUCA,TORO,76823,4.608085,-76.076859
VALLE DEL CAUCA,TRUJILLO,76828,4.212037,-76.318818
VALLE DEL CAUCA,TULUÁ,76834,4.085399,-76.197731
VALLE DEL CAUCA,ULLOA,76845,4.703623,-75.737808
VALLE DEL CAUCA,VERSALLES,76863,4.575019,-76.199203
VALLE DEL CAUCA,VIJES,76869,3.698686,-76.441804
VALLE DEL CAUCA,YOTOCO,76890,3.861241,-76.382698
VALLE DEL CAUCA,YUMBO,76892,3.540097,-76.499893
VALLE DEL CAUCA,ZARZAL,76895,4.392658,-76.070795
ARAUCA,ARAUCA,81001,7.072726,-70.747408
ARAUCA,ARAUQUITA,81065,7.02702,-71.426733
ARAUCA,CRAVO NORTE,81220,6.303913,-70.204286
ARAUCA,FORTUL,81300,6.796695,-71.76877
ARAUCA,PUERTO RONDÓN,81591,6.281461,-71.10339
ARAUCA,SARAVENA,81736,6.953926,-71.872812
ARAUCA,TAME,81794,6.453324,-71.754427
CASANARE,YOPAL,85001,5.327102,-72.396132
CASANARE,AGUAZUL,85010,5.172641,-72.546838
CASANARE,CHÁMEZA,85015,5.214527,-72.87016
CASANARE,HATO COROZAL,85125,6.154099,-71.764213
CASANARE,LA SALINA,85136,6.127762,-72.334978
CASANARE,MANÍ,85139,4.81681,-72.281384
CASANARE,MONTERREY,85162,4.877017,-72.894065
CASANARE,NUNCHÍA,85225,5.636474,-72.195323
CASANARE,OROCUÉ,85230,4.790258,-71.338533
CASANARE,PAZ DE ARIPORO,85250,5.879827,-71.890348
CASANARE,PORE,85263,5.72773,-71.99286
CASANARE,RECETOR,85279,5.229181,-72.760991
CASANARE,SABANALARGA,85300,4.854787,-73.038696
CASANARE,SÁCAMA,85315,6.096738,-72.250157
CASANARE,SAN LUIS DE PALENQUE,85325,5.422397,-71.732198
CASANARE,TÁMARA,85400,5.829543,-72.16165
CASANARE,TAURAMENA,85410,5.018977,-72.74662
CASANARE,TRINIDAD,85430,5.412178,-71.662812
CASANARE,VILLANUEVA,85440,4.61035,-72.927797
PUTUMAYO,MOCOA,86001,1.151172,-76.654238
PUTUMAYO,COLÓN,86219,1.190133,-76.972566
PUTUMAYO,ORITO,86320,0.663593,-76.873276
PUTUMAYO,PUERTO ASÍS,86568,0.505627,-76.496887
PUTUMAYO,PUERTO CAICEDO,86569,0.687784,-76.606118
PUTUMAYO,PUERTO GUZMÁN,86571,0.962854,-76.407663
PUTUMAYO,PUERTO LEGUÍZAMO,86573,-0.192318,-74.781842
PUTUMAYO,SIBUNDOY,86749,1.20026,-76.917814
PUTUMAYO,SAN FRANCISCO,86755,1.174194,-76.879283
PUTUMAYO,SAN MIGUEL,86757,0.34346,-76.91217
PUTUMAYO,SANTIAGO,86760,1.147076,-77.002641
PUTUMAYO,VALLE DEL GUAMUEZ,86865,0.423506,-76.906751
PUTUMAYO,VILLAGARZÓN,86885,1.028821,-76.61721
"ARCHIPIÉLAGO DE SAN ANDRÉS, PROVIDENCIA Y SANTA CATALINA",SAN ANDRÉS,88001,12.578108,-81.707181
"ARCHIPIÉLAGO DE SAN ANDRÉS, PROVIDENCIA Y SANTA CATALINA",PROVIDENCIA,88564,13.373185,-81.368386
AMAZONAS,LETICIA,91001,-4.19895,-69.941721
AMAZONAS,EL ENCANTO,91263,-1.74806,-73.207114
AMAZONAS,LA CHORRERA,91405,-1.442617,-72.791889
AMAZONAS,LA PEDRERA,91407,-1.320301,-69.585499
AMAZONAS,LA VICTORIA,91430,0.054936,-71.223208
AMAZONAS,MIRITÍ - PARANÁ,91460,-0.888833,-70.98893
AMAZONAS,PUERTO ALEGRÍA,91530,-1.005674,-74.014461
AMAZONAS,PUERTO ARICA,91536,-2.147039,-71.752186
AMAZONAS,PUERTO NARIÑO,91540,-3.779934,-70.364937
AMAZONAS,PUERTO SANTANDER,91669,-0.621184,-72.384213
AMAZONAS,TARAPACÁ,91798,-2.890126,-69.741745
GUAINÍA,INÍRIDA,94001,3.866764,-67.918613
GUAINÍA,BARRANCOMINAS,94343,3.494178,-69.814066
GUAINÍA,SAN FELIPE,94883,1.912495,-67.067848
GUAINÍA,PUERTO COLOMBIA,94884,2.726438,-67.566774
GUAINÍA,LA GUADALUPE,94885,1.632464,-66.963692
GUAINÍA,CACAHUAL,94886,3.52617,-67.413312
GUAINÍA,PANA PANA,94887,1.865668,-69.0099
GUAINÍA,MORICHAL,94888,2.265132,-69.919404
GUAVIARE,SAN JOSÉ DEL GUAVIARE,95001,2.565932,-72.639254
GUAVIARE,CALAMAR,95015,1.960982,-72.655197
GUAVIARE,EL RETORNO,95025,2.330164,-72.627304
GUAVIARE,MIRAFLORES,95200,1.337539,-71.950416
VAUPÉS,MITÚ,97001,1.253151,-70.232641
VAUPÉS,CARURÚ,97161,1.016116,-71.30221
VAUPÉS,PACOA,97511,0.020698,-71.004339
VAUPÉS,TARAIRA,97666,-0.564984,-69.635497
VAUPÉS,PAPUNAHUA,97777,1.908124,-70.76091
VAUPÉS,YAVARATÉ,97889,0.609142,-69.203337
VICHADA,PUERTO CARREÑO,99001,6.186636,-67.487095
VICHADA,LA PRIMAVERA,99524,5.486309,-70.410515
VICHADA,SANTA ROSALÍA,99624,5.136393,-70.859499
VICHADA,CUMARIBO,99773,4.446352,-69.795533
